<?xml version="1.1" encoding="UTF-8"?>
<expression:EMFExpression xmi:version="2.0" xmlns:xmi="http://www.omg.org/XMI" xmlns:expression="http:///expression.ecore" id="tMap_1=>" expression="TalendDate.parseDate(&quot;yyyy-MM-dd HH:mm:ss&quot;, TalendDate.formatDate(&quot;yyyy-MM-dd HH:mm:ss&quot;, row2.DATAHORA_ALTA))">
  <variables name="row1.id_sexo" value="0" talendType="id_Integer"/>
  <variables name="row1.valor" value="null" talendType="id_String"/>
  <variables name="row2.URG_EPISODIO" value="null" talendType="id_Integer" nullable="true"/>
  <variables name="row2.DATAHORA_ADM" value="null" talendType="id_Date" nullable="true"/>
  <variables name="row2.DATAHORA_ALTA" value="null" talendType="id_Date" nullable="true"/>
  <variables name="row2.ALTA_DES_ESPECIALIDADE" value="null" talendType="id_String" nullable="true"/>
  <variables name="row2.DES_LOCAL" value="null" talendType="id_String" nullable="true"/>
  <variables name="row2.DES_PROVENIENCIA" value="null" talendType="id_String" nullable="true"/>
  <variables name="row2.SEXO" value="null" talendType="id_String" nullable="true"/>
  <variables name="row2.DTA_NASCIMENTO" value="null" talendType="id_Date" nullable="true"/>
  <variables name="row2.DES_CAUSA" value="null" talendType="id_String" nullable="true"/>
  <variables name="row3.id_des_proveniencia" value="0" talendType="id_Integer"/>
  <variables name="row3.descricao" value="null" talendType="id_String"/>
  <variables name="row4.id_alta_des_especialidade" value="0" talendType="id_Integer"/>
  <variables name="row4.descricao" value="null" talendType="id_String"/>
  <variables name="row5.id_des_causa" value="0" talendType="id_Integer"/>
  <variables name="row5.descricao" value="null" talendType="id_String"/>
  <variables name="row6.id_des_local" value="0" talendType="id_Integer"/>
  <variables name="row6.descricao" value="null" talendType="id_String"/>
  <variables name="row7.id_data" value="0" talendType="id_Integer"/>
  <variables name="row7.valor" value="null" talendType="id_Date"/>
  <variables name="row8.id_data" value="0" talendType="id_Integer"/>
  <variables name="row8.valor" value="null" talendType="id_Date"/>
  <variables name="row9.id_data" value="0" talendType="id_Integer"/>
  <variables name="row9.valor" value="null" talendType="id_Date"/>
  <variables name="TalendDate.parseDate(&quot;HH:mm:ss&quot;, &#xD;&#xA;TalendDate.formatDate(&quot;HH:mm:ss&quot;, &#xD;&#xA;row2.DATAHORA_ADM)) " value="null" talendType="id_Date"/>
  <variables name="TalendDate.parseDate(&quot;HH:mm:ss&quot;,TalendDate.formatDate(&quot;HH:mm:ss&quot;, row2.DATAHORA_ADM)) " value="null" talendType="id_Date"/>
  <variables name="TalendDate.parseDate(&quot;yyyy-MM-dd HH:mm:ss&quot;,TalendDate.formatDate(&quot;HH:mm:ss&quot;, row2.DATAHORA_ADM)) " value="null" talendType="id_Date"/>
  <variables name="TalendDate.parseDate(&quot;HH:mm:ss&quot;,TalendDate.formatDate(&quot;yyyy-MM-dd HH:mm:ss&quot;, row2.DATAHORA_ADM)) " value="null" talendType="id_Date"/>
  <variables name="TalendDate.parseDate(&quot;yyyy-MM-dd HH:mm:ss&quot;, row2.DATAHORA_ADM)) " value="null" talendType="id_Date"/>
  <variables name="TalendDate.parseDate(&quot;yyyy-MM-dd HH:mm:ss&quot;, row2.DATAHORA_ADM) " value="null" talendType="id_Date"/>
  <variables name="TalendDate.parseDate(&quot;yyyy-MM-dd HH:mm:ss&quot;, TalendDate.formatDate(&quot;yyyy-MM-dd HH:mm:ss&quot;, row2.DATAHORA_ADM)) " value="null" talendType="id_Date"/>
  <variables name="TalendDate.parseDate(&quot;HH:mm:ss&quot;, row2.DATAHORA_ADM)) " value="null" talendType="id_Date"/>
  <variables name="TalendDate.parseDate(&quot;yyyy-MM-dd&quot;, TalendDate.formatDate(&quot;yyyy-MM-dd&quot;, row2.DATAHORA_ADM)) " value="null" talendType="id_Date"/>
  <variables name="" value="null" talendType="id_Date"/>
</expression:EMFExpression>
